nums_category_img,num_category_text,ratio
70,3,0.13953488372093023
70,9,0.05813953488372093
70,12,0.2441860465116279
70,4,0.10465116279069768
70,7,0.19767441860465115
70,17,0.09302325581395349
70,1,0.046511627906976744
70,6,0.08139534883720931
70,14,0.023255813953488372
70,15,0.011627906976744186
34,10,0.1111111111111111
34,3,0.044444444444444446
34,4,0.1111111111111111
34,0,0.044444444444444446
34,17,0.044444444444444446
34,12,0.13333333333333333
34,8,0.044444444444444446
34,9,0.044444444444444446
34,6,0.08888888888888889
34,7,0.044444444444444446
34,1,0.06666666666666667
34,13,0.06666666666666667
34,2,0.1111111111111111
34,14,0.022222222222222223
34,18,0.022222222222222223
134,10,0.08163265306122448
134,12,0.24489795918367346
134,6,0.08163265306122448
134,17,0.12244897959183673
134,0,0.14285714285714285
134,8,0.04081632653061224
134,9,0.061224489795918366
134,18,0.04081632653061224
134,15,0.02040816326530612
134,7,0.04081632653061224
134,4,0.08163265306122448
134,1,0.02040816326530612
134,3,0.02040816326530612
57,8,0.48148148148148145
57,12,0.14351851851851852
57,3,0.009259259259259259
57,6,0.07407407407407407
57,0,0.023148148148148147
57,17,0.06018518518518518
57,4,0.013888888888888888
57,13,0.023148148148148147
57,15,0.023148148148148147
57,9,0.023148148148148147
57,7,0.023148148148148147
57,2,0.041666666666666664
57,1,0.004629629629629629
57,5,0.023148148148148147
57,18,0.009259259259259259
57,14,0.018518518518518517
57,10,0.004629629629629629
178,0,0.1568627450980392
178,2,0.10294117647058823
178,16,0.2107843137254902
178,12,0.15441176470588236
178,9,0.06862745098039216
178,6,0.049019607843137254
178,18,0.00980392156862745
178,14,0.07598039215686274
178,13,0.012254901960784314
178,3,0.012254901960784314
178,7,0.07598039215686274
178,17,0.041666666666666664
178,4,0.0196078431372549
178,15,0.004901960784313725
178,1,0.004901960784313725
158,12,0.19318181818181818
158,8,0.03787878787878788
158,11,0.03787878787878788
158,5,0.01893939393939394
158,18,0.022727272727272728
158,6,0.07575757575757576
158,10,0.10606060606060606
158,7,0.07196969696969698
158,2,0.09090909090909091
158,17,0.056818181818181816
158,4,0.07196969696969698
158,16,0.007575757575757576
158,1,0.026515151515151516
158,13,0.041666666666666664
158,14,0.03787878787878788
158,0,0.04924242424242424
158,9,0.01893939393939394
158,3,0.030303030303030304
158,15,0.003787878787878788
32,9,0.05263157894736842
32,14,0.032388663967611336
32,12,0.23076923076923078
32,7,0.08502024291497975
32,6,0.1659919028340081
32,1,0.05668016194331984
32,17,0.04048582995951417
32,8,0.05263157894736842
32,10,0.012145748987854251
32,0,0.0931174089068826
32,4,0.05263157894736842
32,11,0.012145748987854251
32,16,0.020242914979757085
32,5,0.004048582995951417
32,18,0.016194331983805668
32,2,0.020242914979757085
32,15,0.020242914979757085
32,13,0.012145748987854251
32,3,0.008097165991902834
32,19,0.012145748987854251
29,4,0.09839816933638444
29,13,0.17848970251716248
29,2,0.20594965675057209
29,17,0.08237986270022883
29,12,0.11899313501144165
29,10,0.032036613272311214
29,7,0.09382151029748284
29,18,0.029748283752860413
29,8,0.004576659038901602
29,9,0.002288329519450801
29,3,0.006864988558352402
29,11,0.009153318077803204
29,5,0.016018306636155607
29,1,0.041189931350114416
29,0,0.016018306636155607
29,15,0.002288329519450801
29,6,0.04576659038901602
29,16,0.004576659038901602
29,14,0.011441647597254004
157,3,0.34552845528455284
157,1,0.06097560975609756
157,12,0.32113821138211385
157,0,0.044715447154471545
157,4,0.028455284552845527
157,6,0.056910569105691054
157,9,0.036585365853658534
157,14,0.04065040650406504
157,17,0.032520325203252036
157,7,0.0040650406504065045
157,10,0.02032520325203252
157,13,0.0040650406504065045
157,5,0.0040650406504065045
112,4,0.125
112,6,0.1875
112,12,0.15625
112,13,0.0625
112,2,0.125
112,9,0.0625
112,14,0.03125
112,8,0.125
112,1,0.03125
112,10,0.0625
112,17,0.03125
17,0,0.026578073089700997
17,13,0.11960132890365449
17,2,0.14950166112956811
17,14,0.1760797342192691
17,6,0.03986710963455149
17,8,0.006644518272425249
17,10,0.04983388704318937
17,17,0.053156146179401995
17,4,0.07973421926910298
17,3,0.026578073089700997
17,7,0.07308970099667775
17,12,0.08970099667774087
17,11,0.023255813953488372
17,1,0.046511627906976744
17,18,0.019933554817275746
17,9,0.016611295681063124
17,5,0.0033222591362126247
82,7,0.0825242718446602
82,2,0.3640776699029126
82,17,0.06310679611650485
82,1,0.13592233009708737
82,12,0.09223300970873786
82,4,0.09223300970873786
82,6,0.07766990291262135
82,8,0.0048543689320388345
82,14,0.043689320388349516
82,10,0.009708737864077669
82,9,0.009708737864077669
82,18,0.014563106796116505
82,0,0.009708737864077669
126,13,0.12380952380952381
126,3,0.13333333333333333
126,8,0.01904761904761905
126,4,0.06666666666666667
126,17,0.0761904761904762
126,9,0.08571428571428572
126,0,0.02857142857142857
126,2,0.12380952380952381
126,12,0.11428571428571428
126,19,0.009523809523809525
126,7,0.12380952380952381
126,10,0.009523809523809525
126,6,0.009523809523809525
126,11,0.009523809523809525
126,16,0.01904761904761905
126,5,0.009523809523809525
126,1,0.01904761904761905
126,14,0.01904761904761905
167,4,0.1371571072319202
167,2,0.11221945137157108
167,14,0.20947630922693267
167,5,0.05486284289276808
167,17,0.10723192019950124
167,13,0.05236907730673317
167,12,0.12718204488778054
167,7,0.022443890274314215
167,18,0.0199501246882793
167,1,0.0399002493765586
167,0,0.022443890274314215
167,6,0.03740648379052369
167,19,0.014962593516209476
167,9,0.012468827930174564
167,8,0.007481296758104738
167,3,0.004987531172069825
167,11,0.004987531172069825
167,10,0.00997506234413965
167,15,0.0024937655860349127
19,13,0.09389671361502347
19,2,0.14553990610328638
19,0,0.04225352112676056
19,4,0.0892018779342723
19,12,0.1643192488262911
19,9,0.03286384976525822
19,6,0.07042253521126761
19,16,0.004694835680751174
19,19,0.009389671361502348
19,18,0.004694835680751174
19,3,0.051643192488262914
19,17,0.04225352112676056
19,14,0.03286384976525822
19,1,0.04225352112676056
19,7,0.07981220657276995
19,5,0.04225352112676056
19,8,0.018779342723004695
19,10,0.018779342723004695
19,11,0.004694835680751174
19,15,0.009389671361502348
100,3,0.35782747603833864
100,12,0.26198083067092653
100,9,0.07348242811501597
100,15,0.012779552715654952
100,1,0.08626198083067092
100,0,0.04153354632587859
100,17,0.019169329073482427
100,13,0.03194888178913738
100,6,0.04472843450479233
100,19,0.006389776357827476
100,4,0.04153354632587859
100,14,0.012779552715654952
100,5,0.006389776357827476
100,7,0.003194888178913738
21,3,0.04671717171717172
21,5,0.2159090909090909
21,11,0.07196969696969698
21,6,0.05808080808080808
21,10,0.07828282828282829
21,2,0.20959595959595959
21,12,0.14393939393939395
21,0,0.012626262626262626
21,17,0.030303030303030304
21,4,0.07323232323232323
21,18,0.017676767676767676
21,1,0.005050505050505051
21,7,0.016414141414141416
21,14,0.011363636363636364
21,9,0.0025252525252525255
21,13,0.005050505050505051
21,16,0.0012626262626262627
74,4,0.22772277227722773
74,0,0.06930693069306931
74,12,0.15841584158415842
74,3,0.009900990099009901
74,11,0.0297029702970297
74,6,0.24752475247524752
74,14,0.039603960396039604
74,7,0.06930693069306931
74,1,0.0297029702970297
74,10,0.04950495049504951
74,2,0.04950495049504951
74,5,0.009900990099009901
74,9,0.009900990099009901
86,8,0.05925925925925926
86,0,0.07407407407407407
86,12,0.2
86,4,0.05925925925925926
86,14,0.007407407407407408
86,17,0.05185185185185185
86,5,0.037037037037037035
86,7,0.044444444444444446
86,9,0.08148148148148149
86,11,0.044444444444444446
86,6,0.08148148148148149
86,3,0.07407407407407407
86,16,0.014814814814814815
86,2,0.044444444444444446
86,1,0.037037037037037035
86,10,0.08148148148148149
86,15,0.007407407407407408
185,0,0.0967741935483871
185,12,0.16129032258064516
185,1,0.16129032258064516
185,10,0.0967741935483871
185,14,0.16129032258064516
185,4,0.06451612903225806
185,13,0.03225806451612903
185,2,0.06451612903225806
185,6,0.06451612903225806
185,17,0.03225806451612903
185,5,0.03225806451612903
185,7,0.03225806451612903
154,6,0.10837438423645321
154,12,0.20689655172413793
154,0,0.059113300492610835
154,14,0.15270935960591134
154,2,0.029556650246305417
154,4,0.059113300492610835
154,1,0.07881773399014778
154,9,0.08374384236453201
154,16,0.034482758620689655
154,15,0.014778325123152709
154,7,0.024630541871921183
154,19,0.034482758620689655
154,17,0.054187192118226604
154,13,0.0049261083743842365
154,3,0.019704433497536946
154,10,0.009852216748768473
154,11,0.009852216748768473
154,8,0.0049261083743842365
154,18,0.009852216748768473
4,12,0.18213660245183888
4,6,0.08056042031523643
4,3,0.01926444833625219
4,0,0.1646234676007005
4,15,0.03327495621716287
4,1,0.012259194395796848
4,2,0.09982486865148861
4,16,0.13485113835376533
4,8,0.01926444833625219
4,13,0.01926444833625219
4,4,0.04903677758318739
4,10,0.0070052539404553416
4,11,0.005253940455341506
4,14,0.03502626970227671
4,9,0.07355516637478109
4,7,0.02626970227670753
4,17,0.02276707530647986
4,5,0.012259194395796848
4,18,0.0035026269702276708
101,8,0.2
101,6,0.4
101,12,0.4
171,19,0.02127659574468085
171,6,0.10638297872340426
171,12,0.1702127659574468
171,14,0.0425531914893617
171,3,0.1276595744680851
171,0,0.0425531914893617
171,7,0.0425531914893617
171,2,0.10638297872340426
171,4,0.07446808510638298
171,1,0.0425531914893617
171,17,0.06382978723404255
171,15,0.02127659574468085
171,16,0.031914893617021274
171,18,0.02127659574468085
171,13,0.0425531914893617
171,9,0.02127659574468085
171,5,0.02127659574468085
177,8,0.2714285714285714
177,6,0.1
177,12,0.14285714285714285
177,14,0.07142857142857142
177,5,0.04285714285714286
177,0,0.02857142857142857
177,7,0.05714285714285714
177,18,0.04285714285714286
177,2,0.08571428571428572
177,9,0.014285714285714285
177,3,0.04285714285714286
177,4,0.04285714285714286
177,10,0.014285714285714285
177,1,0.02857142857142857
177,13,0.014285714285714285
135,12,0.22727272727272727
135,1,0.21212121212121213
135,8,0.15151515151515152
135,7,0.015151515151515152
135,18,0.030303030303030304
135,4,0.09090909090909091
135,6,0.045454545454545456
135,9,0.07575757575757576
135,17,0.045454545454545456
135,14,0.045454545454545456
135,5,0.015151515151515152
135,0,0.030303030303030304
135,3,0.015151515151515152
59,0,0.11038961038961038
59,4,0.11688311688311688
59,6,0.09090909090909091
59,10,0.06493506493506493
59,2,0.012987012987012988
59,12,0.2012987012987013
59,3,0.006493506493506494
59,11,0.01948051948051948
59,1,0.06493506493506493
59,9,0.05844155844155844
59,8,0.14935064935064934
59,18,0.032467532467532464
59,7,0.03896103896103896
59,17,0.025974025974025976
59,14,0.006493506493506494
18,12,0.20318725099601595
18,9,0.06374501992031872
18,3,0.035856573705179286
18,10,0.1553784860557769
18,7,0.0398406374501992
18,2,0.02390438247011952
18,4,0.11155378486055777
18,17,0.0398406374501992
18,0,0.0398406374501992
18,18,0.0199203187250996
18,1,0.06374501992031872
18,11,0.05976095617529881
18,6,0.055776892430278883
18,5,0.00796812749003984
18,14,0.03187250996015936
18,8,0.0398406374501992
18,13,0.00398406374501992
18,15,0.00398406374501992
172,8,0.06060606060606061
172,9,0.06060606060606061
172,12,0.3939393939393939
172,3,0.07575757575757576
172,6,0.030303030303030304
172,14,0.12121212121212122
172,0,0.10606060606060606
172,4,0.06060606060606061
172,1,0.07575757575757576
172,7,0.015151515151515152
104,7,0.4117647058823529
104,2,0.4117647058823529
104,17,0.01680672268907563
104,6,0.01680672268907563
104,12,0.029411764705882353
104,8,0.012605042016806723
104,10,0.025210084033613446
104,11,0.012605042016806723
104,14,0.037815126050420166
104,4,0.012605042016806723
104,0,0.008403361344537815
104,3,0.004201680672268907
164,3,0.35555555555555557
164,12,0.3592592592592593
164,14,0.022222222222222223
164,4,0.040740740740740744
164,0,0.037037037037037035
164,17,0.05185185185185185
164,6,0.037037037037037035
164,7,0.003703703703703704
164,1,0.02962962962962963
164,10,0.03333333333333333
164,16,0.007407407407407408
164,9,0.011111111111111112
164,5,0.011111111111111112
90,12,0.10028653295128939
90,4,0.07449856733524356
90,1,0.04871060171919771
90,13,0.2034383954154728
90,2,0.22636103151862463
90,10,0.054441260744985676
90,14,0.08022922636103152
90,0,0.025787965616045846
90,5,0.017191977077363897
90,6,0.025787965616045846
90,11,0.025787965616045846
90,7,0.03151862464183381
90,3,0.022922636103151862
90,17,0.017191977077363897
90,9,0.017191977077363897
90,18,0.014326647564469915
90,8,0.008595988538681949
90,16,0.0028653295128939827
90,15,0.0028653295128939827
131,0,0.029411764705882353
131,6,0.06722689075630252
131,10,0.03361344537815126
131,8,0.025210084033613446
131,4,0.11764705882352941
131,2,0.07142857142857142
131,14,0.19327731092436976
131,12,0.15966386554621848
131,13,0.03361344537815126
131,17,0.037815126050420166
131,9,0.037815126050420166
131,1,0.07563025210084033
131,11,0.03361344537815126
131,5,0.008403361344537815
131,18,0.025210084033613446
131,3,0.029411764705882353
131,7,0.01680672268907563
131,16,0.004201680672268907
79,3,0.1134020618556701
79,0,0.09278350515463918
79,12,0.31958762886597936
79,6,0.08247422680412371
79,15,0.041237113402061855
79,17,0.07216494845360824
79,9,0.030927835051546393
79,11,0.010309278350515464
79,4,0.061855670103092786
79,2,0.030927835051546393
79,1,0.05154639175257732
79,5,0.010309278350515464
79,18,0.020618556701030927
79,14,0.030927835051546393
79,13,0.010309278350515464
79,8,0.010309278350515464
79,16,0.010309278350515464
121,4,0.18518518518518517
121,10,0.024691358024691357
121,3,0.024691358024691357
121,12,0.18518518518518517
121,0,0.1111111111111111
121,13,0.06172839506172839
121,2,0.04938271604938271
121,1,0.12345679012345678
121,14,0.04938271604938271
121,6,0.08641975308641975
121,17,0.024691358024691357
121,5,0.024691358024691357
121,9,0.04938271604938271
11,12,0.4774774774774775
11,0,0.05405405405405406
11,1,0.05405405405405406
11,3,0.10810810810810811
11,4,0.018018018018018018
11,2,0.009009009009009009
11,6,0.08108108108108109
11,9,0.14414414414414414
11,14,0.018018018018018018
11,7,0.018018018018018018
11,13,0.009009009009009009
11,17,0.009009009009009009
192,9,0.07920792079207921
192,12,0.2079207920792079
192,10,0.039603960396039604
192,17,0.06930693069306931
192,8,0.10891089108910891
192,1,0.009900990099009901
192,4,0.0891089108910891
192,14,0.09900990099009901
192,6,0.0594059405940594
192,7,0.06930693069306931
192,0,0.0891089108910891
192,3,0.009900990099009901
192,18,0.009900990099009901
192,13,0.019801980198019802
192,19,0.009900990099009901
192,2,0.009900990099009901
192,16,0.009900990099009901
192,15,0.009900990099009901
41,0,0.2549019607843137
41,5,0.0392156862745098
41,14,0.0784313725490196
41,7,0.0392156862745098
41,2,0.13725490196078433
41,1,0.0392156862745098
41,12,0.17647058823529413
41,13,0.0196078431372549
41,6,0.1568627450980392
41,17,0.0392156862745098
41,4,0.0196078431372549
198,3,0.014084507042253521
198,11,0.014084507042253521
198,0,0.08450704225352113
198,12,0.16901408450704225
198,16,0.11267605633802817
198,15,0.014084507042253521
198,14,0.08450704225352113
198,2,0.1267605633802817
198,9,0.11267605633802817
198,17,0.07042253521126761
198,4,0.09859154929577464
198,13,0.028169014084507043
198,6,0.028169014084507043
198,7,0.014084507042253521
198,18,0.014084507042253521
198,1,0.014084507042253521
173,4,0.11746031746031746
173,0,0.0380952380952381
173,12,0.08571428571428572
173,6,0.12698412698412698
173,7,0.031746031746031744
173,2,0.17142857142857143
173,13,0.11746031746031746
173,1,0.0380952380952381
173,11,0.07936507936507936
173,5,0.06031746031746032
173,10,0.08571428571428572
173,17,0.006349206349206349
173,3,0.01904761904761905
173,14,0.006349206349206349
173,9,0.009523809523809525
173,18,0.0031746031746031746
173,16,0.0031746031746031746
182,12,0.10752688172043011
182,3,0.035842293906810034
182,11,0.035842293906810034
182,13,0.16129032258064516
182,2,0.21505376344086022
182,5,0.035842293906810034
182,18,0.014336917562724014
182,0,0.02867383512544803
182,9,0.017921146953405017
182,7,0.07168458781362007
182,6,0.04659498207885305
182,4,0.08243727598566308
182,17,0.025089605734767026
182,10,0.05017921146953405
182,8,0.014336917562724014
182,1,0.04659498207885305
182,14,0.007168458781362007
182,15,0.0035842293906810036
43,13,0.07608695652173914
43,2,0.10869565217391304
43,6,0.06521739130434782
43,12,0.11956521739130435
43,10,0.13043478260869565
43,14,0.043478260869565216
43,4,0.09782608695652174
43,11,0.07608695652173914
43,5,0.03260869565217391
43,3,0.09782608695652174
43,1,0.05434782608695652
43,9,0.03260869565217391
43,17,0.03260869565217391
43,0,0.010869565217391304
43,8,0.010869565217391304
43,7,0.010869565217391304
44,0,0.07692307692307693
44,6,0.07692307692307693
44,18,0.10256410256410256
44,4,0.15384615384615385
44,14,0.20512820512820512
44,12,0.3076923076923077
44,17,0.02564102564102564
44,3,0.02564102564102564
44,7,0.02564102564102564
147,4,0.1076923076923077
147,14,0.13846153846153847
147,17,0.1
147,12,0.2153846153846154
147,6,0.14615384615384616
147,9,0.09230769230769231
147,7,0.015384615384615385
147,1,0.038461538461538464
147,0,0.046153846153846156
147,13,0.015384615384615385
147,8,0.03076923076923077
147,3,0.007692307692307693
147,10,0.007692307692307693
147,2,0.015384615384615385
147,19,0.015384615384615385
147,15,0.007692307692307693
115,3,0.020785219399538105
115,16,0.21016166281755197
115,14,0.07159353348729793
115,12,0.15242494226327943
115,4,0.03233256351039261
115,17,0.025404157043879907
115,9,0.08083140877598152
115,6,0.03926096997690531
115,7,0.03926096997690531
115,2,0.13394919168591224
115,0,0.11778290993071594
115,13,0.04387990762124711
115,1,0.020785219399538105
115,18,0.004618937644341801
115,19,0.004618937644341801
115,15,0.0023094688221709007
55,4,0.08116883116883117
55,13,0.012987012987012988
55,17,0.07467532467532467
55,1,0.06493506493506493
55,5,0.03896103896103896
55,12,0.21103896103896103
55,8,0.06493506493506493
55,14,0.03896103896103896
55,2,0.13636363636363635
55,7,0.02922077922077922
55,3,0.06493506493506493
55,0,0.022727272727272728
55,6,0.07467532467532467
55,9,0.016233766233766232
55,15,0.032467532467532464
55,11,0.006493506493506494
55,19,0.012987012987012988
55,18,0.012987012987012988
55,10,0.003246753246753247
16,1,1.0
117,0,0.11567164179104478
117,12,0.1455223880597015
117,9,0.09328358208955224
117,16,0.19776119402985073
117,2,0.15298507462686567
117,14,0.08582089552238806
117,4,0.041044776119402986
117,15,0.014925373134328358
117,13,0.033582089552238806
117,3,0.03731343283582089
117,17,0.026119402985074626
117,7,0.011194029850746268
117,6,0.033582089552238806
117,1,0.0037313432835820895
117,11,0.0037313432835820895
117,5,0.0037313432835820895
71,5,0.0707070707070707
71,0,0.13131313131313133
71,12,0.23232323232323232
71,17,0.04040404040404041
71,4,0.030303030303030304
71,8,0.06060606060606061
71,3,0.030303030303030304
71,11,0.030303030303030304
71,18,0.09090909090909091
71,6,0.04040404040404041
71,10,0.04040404040404041
71,14,0.06060606060606061
71,7,0.04040404040404041
71,2,0.010101010101010102
71,1,0.06060606060606061
71,9,0.030303030303030304
161,12,0.25
161,4,0.03571428571428571
161,0,0.10714285714285714
161,9,0.03571428571428571
161,6,0.07142857142857142
161,15,0.03571428571428571
161,2,0.03571428571428571
161,13,0.14285714285714285
161,7,0.03571428571428571
161,17,0.07142857142857142
161,1,0.03571428571428571
161,3,0.07142857142857142
161,11,0.07142857142857142
165,5,0.043478260869565216
165,0,0.15217391304347827
165,7,0.08695652173913043
165,16,0.13043478260869565
165,12,0.17391304347826086
165,6,0.06521739130434782
165,15,0.021739130434782608
165,2,0.10869565217391304
165,8,0.08695652173913043
165,9,0.08695652173913043
165,17,0.043478260869565216
129,0,0.1450980392156863
129,12,0.1411764705882353
129,9,0.09019607843137255
129,3,0.0196078431372549
129,16,0.21568627450980393
129,14,0.0784313725490196
129,2,0.1450980392156863
129,17,0.023529411764705882
129,15,0.01568627450980392
129,7,0.027450980392156862
129,6,0.027450980392156862
129,4,0.027450980392156862
129,5,0.00784313725490196
129,13,0.01568627450980392
129,1,0.01568627450980392
129,11,0.00392156862745098
124,14,0.14634146341463414
124,6,0.10569105691056911
124,4,0.10569105691056911
124,10,0.016260162601626018
124,12,0.13821138211382114
124,17,0.04065040650406504
124,15,0.032520325203252036
124,3,0.032520325203252036
124,5,0.024390243902439025
124,2,0.056910569105691054
124,1,0.07317073170731707
124,0,0.08943089430894309
124,9,0.016260162601626018
124,8,0.032520325203252036
124,16,0.008130081300813009
124,18,0.008130081300813009
124,7,0.008130081300813009
124,13,0.056910569105691054
124,19,0.008130081300813009
63,1,0.6
63,0,0.4
160,9,0.09803921568627451
160,6,0.09803921568627451
160,12,0.2549019607843137
160,0,0.10784313725490197
160,1,0.12745098039215685
160,14,0.1568627450980392
160,4,0.049019607843137254
160,3,0.0392156862745098
160,13,0.00980392156862745
160,15,0.00980392156862745
160,5,0.00980392156862745
160,8,0.00980392156862745
160,17,0.00980392156862745
160,16,0.0196078431372549
140,4,0.17757009345794392
140,14,0.29906542056074764
140,13,0.028037383177570093
140,2,0.09345794392523364
140,1,0.11214953271028037
140,12,0.12149532710280374
140,17,0.056074766355140186
140,18,0.009345794392523364
140,0,0.028037383177570093
140,8,0.009345794392523364
140,10,0.009345794392523364
140,5,0.009345794392523364
140,6,0.037383177570093455
140,19,0.009345794392523364
96,2,0.13043478260869565
96,14,0.21739130434782608
96,1,0.13043478260869565
96,0,0.17391304347826086
96,6,0.08695652173913043
96,12,0.21739130434782608
96,4,0.043478260869565216
107,2,0.08333333333333333
107,17,0.12037037037037036
107,6,0.046296296296296294
107,12,0.23148148148148148
107,1,0.037037037037037035
107,8,0.027777777777777776
107,0,0.027777777777777776
107,4,0.16666666666666666
107,7,0.09259259259259259
107,15,0.046296296296296294
107,13,0.009259259259259259
107,14,0.009259259259259259
107,3,0.027777777777777776
107,11,0.009259259259259259
107,9,0.05555555555555555
107,10,0.009259259259259259
78,3,0.02631578947368421
78,14,0.07894736842105263
78,0,0.4473684210526316
78,1,0.07894736842105263
78,4,0.13157894736842105
78,12,0.07894736842105263
78,13,0.05263157894736842
78,2,0.05263157894736842
78,6,0.05263157894736842
39,0,0.2995391705069124
39,12,0.3225806451612903
39,6,0.14746543778801843
39,3,0.03686635944700461
39,14,0.02304147465437788
39,17,0.013824884792626729
39,4,0.09216589861751152
39,15,0.03686635944700461
39,1,0.009216589861751152
39,9,0.009216589861751152
39,13,0.004608294930875576
39,10,0.004608294930875576
118,4,0.060240963855421686
118,9,0.012048192771084338
118,14,0.6024096385542169
118,12,0.03614457831325301
118,1,0.12048192771084337
118,2,0.04819277108433735
118,8,0.03614457831325301
118,7,0.012048192771084338
118,6,0.060240963855421686
118,17,0.012048192771084338
14,4,0.3076923076923077
14,12,0.38461538461538464
14,6,0.07692307692307693
14,7,0.15384615384615385
14,16,0.07692307692307693
60,0,0.4666666666666667
60,1,0.5
60,4,0.03333333333333333
24,17,0.03436426116838488
24,12,0.18900343642611683
24,18,0.058419243986254296
24,8,0.13402061855670103
24,11,0.01718213058419244
24,5,0.024054982817869417
24,6,0.08247422680412371
24,10,0.041237113402061855
24,7,0.12027491408934708
24,2,0.08247422680412371
24,4,0.06872852233676977
24,0,0.07216494845360824
24,15,0.030927835051546393
24,16,0.003436426116838488
24,9,0.013745704467353952
24,3,0.013745704467353952
24,1,0.013745704467353952
114,0,0.10982658959537572
114,12,0.2254335260115607
114,1,0.046242774566473986
114,14,0.06936416184971098
114,19,0.005780346820809248
114,6,0.10982658959537572
114,4,0.07514450867052024
114,9,0.07514450867052024
114,17,0.04046242774566474
114,11,0.046242774566473986
114,3,0.05202312138728324
114,5,0.028901734104046242
114,2,0.046242774566473986
114,15,0.03468208092485549
114,8,0.011560693641618497
114,7,0.011560693641618497
114,18,0.005780346820809248
114,10,0.005780346820809248
13,0,0.34782608695652173
13,6,0.11594202898550725
13,12,0.2608695652173913
13,8,0.014492753623188406
13,17,0.043478260869565216
13,14,0.07246376811594203
13,4,0.028985507246376812
13,5,0.028985507246376812
13,1,0.057971014492753624
13,9,0.028985507246376812
113,3,0.028391167192429023
113,10,0.04100946372239748
113,7,0.03470031545741325
113,2,0.23974763406940064
113,13,0.23659305993690852
113,0,0.028391167192429023
113,12,0.10410094637223975
113,11,0.025236593059936908
113,6,0.04100946372239748
113,4,0.06309148264984227
113,17,0.022082018927444796
113,18,0.015772870662460567
113,14,0.0473186119873817
113,1,0.04416403785488959
113,9,0.00946372239747634
113,5,0.00946372239747634
113,8,0.006309148264984227
113,15,0.0031545741324921135
61,1,0.0759493670886076
61,4,0.1940928270042194
61,0,0.34177215189873417
61,12,0.1729957805907173
61,6,0.08438818565400844
61,3,0.02109704641350211
61,14,0.02109704641350211
61,9,0.046413502109704644
61,15,0.02109704641350211
61,17,0.02109704641350211
174,17,0.2727272727272727
174,6,0.2727272727272727
174,12,0.18181818181818182
174,2,0.09090909090909091
174,8,0.18181818181818182
159,14,0.09615384615384616
159,12,0.11538461538461539
159,17,0.1858974358974359
159,5,0.05128205128205128
159,11,0.00641025641025641
159,10,0.01282051282051282
159,2,0.10256410256410256
159,4,0.1346153846153846
159,13,0.04487179487179487
159,6,0.03205128205128205
159,7,0.03205128205128205
159,18,0.01282051282051282
159,8,0.07051282051282051
159,1,0.03205128205128205
159,0,0.019230769230769232
159,15,0.01282051282051282
159,16,0.00641025641025641
159,9,0.019230769230769232
159,19,0.01282051282051282
128,18,0.3559322033898305
128,4,0.13559322033898305
128,0,0.05084745762711865
128,12,0.22033898305084745
128,6,0.13559322033898305
128,8,0.03389830508474576
128,9,0.01694915254237288
128,7,0.01694915254237288
128,17,0.01694915254237288
128,1,0.01694915254237288
5,12,0.20512820512820512
5,6,0.07692307692307693
5,14,0.10256410256410256
5,1,0.10256410256410256
5,10,0.10256410256410256
5,3,0.02564102564102564
5,0,0.05128205128205128
5,8,0.10256410256410256
5,19,0.05128205128205128
5,9,0.05128205128205128
5,4,0.05128205128205128
5,17,0.05128205128205128
5,11,0.02564102564102564
106,2,0.1949685534591195
106,14,0.1719077568134172
106,12,0.10062893081761007
106,8,0.027253668763102725
106,1,0.07547169811320754
106,4,0.09433962264150944
106,13,0.07547169811320754
106,17,0.06079664570230608
106,10,0.018867924528301886
106,5,0.012578616352201259
106,9,0.023060796645702306
106,6,0.05241090146750524
106,0,0.050314465408805034
106,7,0.014675052410901468
106,18,0.014675052410901468
106,15,0.0020964360587002098
106,16,0.0041928721174004195
106,11,0.0041928721174004195
106,3,0.0020964360587002098
8,4,0.03986710963455149
8,7,0.036544850498338874
8,2,0.14285714285714285
8,0,0.14950166112956811
8,13,0.006644518272425249
8,16,0.15282392026578073
8,12,0.17940199335548174
8,9,0.07308970099667775
8,3,0.029900332225913623
8,14,0.04983388704318937
8,6,0.04318936877076412
8,17,0.019933554817275746
8,8,0.009966777408637873
8,5,0.023255813953488372
8,15,0.019933554817275746
8,10,0.006644518272425249
8,18,0.0033222591362126247
8,11,0.0033222591362126247
8,1,0.006644518272425249
8,19,0.0033222591362126247
84,14,0.14666666666666667
84,12,0.25333333333333335
84,8,0.05333333333333334
84,6,0.05333333333333334
84,1,0.04
84,2,0.09333333333333334
84,5,0.02666666666666667
84,9,0.06666666666666667
84,3,0.04
84,11,0.05333333333333334
84,17,0.02666666666666667
84,10,0.05333333333333334
84,4,0.04
84,13,0.02666666666666667
84,7,0.02666666666666667
180,0,0.08333333333333333
180,12,0.1111111111111111
180,3,0.08333333333333333
180,11,0.05555555555555555
180,5,0.1111111111111111
180,16,0.08333333333333333
180,7,0.08333333333333333
180,2,0.1388888888888889
180,17,0.08333333333333333
180,6,0.05555555555555555
180,9,0.027777777777777776
180,10,0.027777777777777776
180,14,0.027777777777777776
180,13,0.027777777777777776
197,0,0.09734513274336283
197,17,0.02654867256637168
197,12,0.15486725663716813
197,9,0.12831858407079647
197,16,0.17699115044247787
197,14,0.08849557522123894
197,7,0.048672566371681415
197,3,0.11504424778761062
197,2,0.11946902654867257
197,4,0.030973451327433628
197,13,0.004424778761061947
197,5,0.004424778761061947
197,6,0.004424778761061947
95,9,0.08823529411764706
95,12,0.3235294117647059
95,6,0.058823529411764705
95,17,0.058823529411764705
95,13,0.029411764705882353
95,2,0.058823529411764705
95,18,0.11764705882352941
95,4,0.11764705882352941
95,5,0.029411764705882353
95,7,0.058823529411764705
95,0,0.058823529411764705
150,4,0.09403669724770643
150,2,0.1811926605504587
150,0,0.02981651376146789
150,14,0.1651376146788991
150,11,0.016055045871559634
150,6,0.04128440366972477
150,1,0.10550458715596331
150,12,0.12155963302752294
150,7,0.027522935779816515
150,8,0.013761467889908258
150,17,0.07110091743119266
150,13,0.013761467889908258
150,9,0.016055045871559634
150,18,0.052752293577981654
150,10,0.02522935779816514
150,5,0.0045871559633027525
150,16,0.006880733944954129
150,19,0.006880733944954129
150,3,0.0045871559633027525
150,15,0.0022935779816513763
58,7,0.0711864406779661
58,14,0.17627118644067796
58,13,0.14915254237288136
58,2,0.17288135593220338
58,1,0.05084745762711865
58,4,0.08813559322033898
58,12,0.06440677966101695
58,0,0.02711864406779661
58,18,0.01694915254237288
58,17,0.0711864406779661
58,11,0.020338983050847456
58,10,0.013559322033898305
58,6,0.02711864406779661
58,3,0.013559322033898305
58,8,0.023728813559322035
58,5,0.013559322033898305
188,6,0.13333333333333333
188,12,0.28888888888888886
188,4,0.1111111111111111
188,10,0.05555555555555555
188,9,0.022222222222222223
188,13,0.03333333333333333
188,2,0.03333333333333333
188,3,0.13333333333333333
188,1,0.06666666666666667
188,17,0.022222222222222223
188,14,0.022222222222222223
188,0,0.03333333333333333
188,8,0.022222222222222223
188,15,0.022222222222222223
51,17,0.2978723404255319
51,1,0.425531914893617
51,14,0.06382978723404255
51,4,0.0425531914893617
51,0,0.1702127659574468
191,9,0.013333333333333334
191,3,0.013333333333333334
191,12,0.29333333333333333
191,15,0.26666666666666666
191,0,0.06666666666666667
191,6,0.24
191,17,0.013333333333333334
191,14,0.02666666666666667
191,7,0.013333333333333334
191,4,0.02666666666666667
191,13,0.02666666666666667
28,0,0.043478260869565216
28,4,0.07336956521739131
28,12,0.18206521739130435
28,9,0.07065217391304347
28,14,0.057065217391304345
28,8,0.04076086956521739
28,11,0.035326086956521736
28,10,0.14402173913043478
28,2,0.07065217391304347
28,17,0.019021739130434784
28,6,0.07336956521739131
28,7,0.07065217391304347
28,3,0.03804347826086957
28,1,0.019021739130434784
28,18,0.02717391304347826
28,13,0.01358695652173913
28,5,0.021739130434782608
138,0,0.054945054945054944
138,14,0.03571428571428571
138,13,0.14560439560439561
138,2,0.17032967032967034
138,1,0.038461538461538464
138,5,0.04395604395604396
138,9,0.005494505494505495
138,12,0.10164835164835165
138,8,0.013736263736263736
138,11,0.03571428571428571
138,18,0.01098901098901099
138,4,0.054945054945054944
138,3,0.038461538461538464
138,6,0.06868131868131869
138,10,0.13736263736263737
138,7,0.027472527472527472
138,17,0.016483516483516484
156,13,0.09876543209876543
156,3,0.5308641975308642
156,14,0.037037037037037035
156,9,0.012345679012345678
156,12,0.13580246913580246
156,0,0.08641975308641975
156,17,0.07407407407407407
156,1,0.024691358024691357
181,4,0.09345794392523364
181,12,0.2523364485981308
181,11,0.009345794392523364
181,18,0.009345794392523364
181,6,0.07476635514018691
181,10,0.028037383177570093
181,7,0.06542056074766354
181,13,0.018691588785046728
181,2,0.04672897196261682
181,0,0.08411214953271028
181,9,0.11214953271028037
181,3,0.009345794392523364
181,8,0.056074766355140186
181,1,0.037383177570093455
181,17,0.056074766355140186
181,14,0.018691588785046728
181,5,0.028037383177570093
35,4,0.07894736842105263
35,12,0.23684210526315788
35,8,0.15789473684210525
35,3,0.02631578947368421
35,11,0.02631578947368421
35,7,0.02631578947368421
35,6,0.10526315789473684
35,1,0.05263157894736842
35,19,0.02631578947368421
35,0,0.07894736842105263
35,14,0.05263157894736842
35,17,0.05263157894736842
35,9,0.07894736842105263
137,0,0.028985507246376812
137,2,0.20082815734989648
137,5,0.15942028985507245
137,4,0.08074534161490683
137,11,0.057971014492753624
137,6,0.051759834368530024
137,10,0.062111801242236024
137,12,0.15320910973084886
137,14,0.022774327122153208
137,13,0.024844720496894408
137,1,0.020703933747412008
137,17,0.037267080745341616
137,3,0.035196687370600416
137,7,0.028985507246376812
137,18,0.012422360248447204
137,9,0.010351966873706004
137,19,0.004140786749482402
137,16,0.002070393374741201
137,8,0.006211180124223602
145,4,0.1222707423580786
145,0,0.043668122270742356
145,17,0.056768558951965066
145,12,0.1572052401746725
145,3,0.026200873362445413
145,5,0.039301310043668124
145,6,0.09170305676855896
145,7,0.06986899563318777
145,11,0.026200873362445413
145,10,0.07423580786026202
145,2,0.13100436681222707
145,1,0.03056768558951965
145,9,0.043668122270742356
145,14,0.013100436681222707
145,13,0.03056768558951965
145,18,0.017467248908296942
145,8,0.026200873362445413
143,6,0.1111111111111111
143,12,0.32098765432098764
143,17,0.06172839506172839
143,1,0.04938271604938271
143,4,0.09876543209876543
143,9,0.1111111111111111
143,3,0.07407407407407407
143,0,0.06172839506172839
143,15,0.024691358024691357
143,10,0.012345679012345678
143,18,0.012345679012345678
143,7,0.012345679012345678
143,8,0.012345679012345678
143,14,0.024691358024691357
143,11,0.012345679012345678
97,4,0.2222222222222222
97,12,0.1111111111111111
97,18,0.1111111111111111
97,14,0.1111111111111111
97,2,0.1111111111111111
97,11,0.1111111111111111
97,6,0.1111111111111111
97,1,0.1111111111111111
152,4,0.07159353348729793
152,3,0.03233256351039261
152,5,0.09006928406466513
152,6,0.050808314087759814
152,10,0.03233256351039261
152,2,0.18013856812933027
152,12,0.12702078521939955
152,13,0.11085450346420324
152,8,0.016166281755196306
152,14,0.04157043879907621
152,7,0.050808314087759814
152,9,0.006928406466512702
152,18,0.057736720554272515
152,1,0.04157043879907621
152,0,0.020785219399538105
152,17,0.03926096997690531
152,11,0.03002309468822171
110,6,0.08294930875576037
110,17,0.05069124423963134
110,13,0.03686635944700461
110,2,0.05069124423963134
110,14,0.19815668202764977
110,12,0.16589861751152074
110,9,0.03686635944700461
110,15,0.013824884792626729
110,4,0.07834101382488479
110,1,0.03225806451612903
110,0,0.08755760368663594
110,11,0.03225806451612903
110,5,0.018433179723502304
110,18,0.009216589861751152
110,10,0.018433179723502304
110,7,0.03686635944700461
110,8,0.013824884792626729
110,3,0.02304147465437788
110,19,0.013824884792626729
190,14,0.2264808362369338
190,17,0.10452961672473868
190,4,0.08013937282229965
190,6,0.04529616724738676
190,12,0.1672473867595819
190,3,0.024390243902439025
190,11,0.04529616724738676
190,13,0.003484320557491289
190,9,0.041811846689895474
190,10,0.03484320557491289
190,1,0.027874564459930314
190,8,0.020905923344947737
190,7,0.0313588850174216
190,18,0.08362369337979095
190,0,0.017421602787456445
190,2,0.04529616724738676
183,12,0.11842105263157894
183,1,0.06578947368421052
183,7,0.05263157894736842
183,2,0.07236842105263158
183,17,0.07894736842105263
183,14,0.21052631578947367
183,4,0.14473684210526316
183,6,0.046052631578947366
183,13,0.039473684210526314
183,0,0.02631578947368421
183,18,0.046052631578947366
183,5,0.039473684210526314
183,10,0.03289473684210526
183,8,0.013157894736842105
183,9,0.006578947368421052
183,19,0.006578947368421052
179,5,0.056
179,9,0.112
179,1,0.16
179,12,0.24
179,6,0.048
179,8,0.032
179,0,0.048
179,4,0.072
179,17,0.016
179,14,0.064
179,15,0.008
179,7,0.016
179,10,0.016
179,3,0.072
179,11,0.016
179,13,0.016
179,2,0.008
122,4,0.0836734693877551
122,7,0.03469387755102041
122,2,0.17142857142857143
122,14,0.03877551020408163
122,5,0.12244897959183673
122,0,0.030612244897959183
122,12,0.12857142857142856
122,11,0.06326530612244897
122,10,0.0653061224489796
122,13,0.06326530612244897
122,1,0.02040816326530612
122,8,0.00816326530612245
122,9,0.00816326530612245
122,3,0.05510204081632653
122,18,0.014285714285714285
122,6,0.05918367346938776
122,17,0.02857142857142857
122,15,0.0020408163265306124
122,16,0.0020408163265306124
195,17,0.0896551724137931
195,12,0.20689655172413793
195,4,0.08275862068965517
195,8,0.14482758620689656
195,9,0.1103448275862069
195,6,0.06206896551724138
195,14,0.06206896551724138
195,5,0.006896551724137931
195,7,0.05517241379310345
195,0,0.0896551724137931
195,2,0.027586206896551724
195,10,0.027586206896551724
195,1,0.027586206896551724
195,16,0.006896551724137931
111,0,0.17582417582417584
111,9,0.10989010989010989
111,16,0.22527472527472528
111,6,0.027472527472527472
111,2,0.13186813186813187
111,14,0.08791208791208792
111,12,0.13736263736263737
111,17,0.01098901098901099
111,7,0.03296703296703297
111,1,0.016483516483516484
111,3,0.016483516483516484
111,15,0.02197802197802198
111,4,0.005494505494505495
75,1,0.050387596899224806
75,2,0.13178294573643412
75,5,0.031007751937984496
75,4,0.06976744186046512
75,6,0.10852713178294573
75,14,0.06976744186046512
75,7,0.027131782945736434
75,18,0.015503875968992248
75,17,0.011627906976744186
75,0,0.07364341085271318
75,12,0.1434108527131783
75,8,0.011627906976744186
75,11,0.027131782945736434
75,13,0.05813953488372093
75,9,0.03875968992248062
75,3,0.027131782945736434
75,16,0.06201550387596899
75,10,0.03875968992248062
75,15,0.003875968992248062
189,0,0.839622641509434
189,3,0.009433962264150943
189,12,0.0660377358490566
189,6,0.02830188679245283
189,4,0.02830188679245283
189,2,0.009433962264150943
189,5,0.009433962264150943
189,17,0.009433962264150943
132,0,0.1362397820163488
132,9,0.1008174386920981
132,16,0.22343324250681199
132,14,0.08446866485013624
132,12,0.14713896457765668
132,7,0.04087193460490463
132,2,0.11444141689373297
132,13,0.02997275204359673
132,17,0.013623978201634877
132,5,0.008174386920980926
132,4,0.021798365122615803
132,11,0.0027247956403269754
132,3,0.0326975476839237
132,6,0.021798365122615803
132,1,0.01907356948228883
132,15,0.0027247956403269754
76,0,0.08482142857142858
76,4,0.09523809523809523
76,14,0.11904761904761904
76,12,0.2113095238095238
76,8,0.017857142857142856
76,3,0.04017857142857143
76,11,0.03422619047619048
76,10,0.050595238095238096
76,17,0.03571428571428571
76,6,0.0744047619047619
76,7,0.023809523809523808
76,1,0.08035714285714286
76,9,0.08482142857142858
76,18,0.017857142857142856
76,15,0.010416666666666666
76,19,0.013392857142857142
76,2,0.005952380952380952
94,4,0.09322033898305085
94,12,0.16101694915254236
94,3,0.01694915254237288
94,11,0.01694915254237288
94,15,0.03389830508474576
94,13,0.05084745762711865
94,2,0.11016949152542373
94,1,0.03389830508474576
94,6,0.05084745762711865
94,0,0.07627118644067797
94,7,0.06779661016949153
94,9,0.059322033898305086
94,10,0.06779661016949153
94,8,0.0423728813559322
94,18,0.01694915254237288
94,17,0.025423728813559324
94,5,0.025423728813559324
94,16,0.025423728813559324
94,14,0.025423728813559324
22,14,0.047619047619047616
22,12,0.1380952380952381
22,0,0.05238095238095238
22,6,0.06666666666666667
22,11,0.014285714285714285
22,4,0.08571428571428572
22,17,0.06666666666666667
22,9,0.05714285714285714
22,7,0.07142857142857142
22,2,0.0761904761904762
22,13,0.05238095238095238
22,8,0.06190476190476191
22,1,0.05238095238095238
22,3,0.023809523809523808
22,10,0.0380952380952381
22,18,0.04285714285714286
22,16,0.009523809523809525
22,5,0.04285714285714286
7,0,0.574468085106383
7,4,0.19148936170212766
7,9,0.0425531914893617
7,12,0.0425531914893617
7,17,0.02127659574468085
7,6,0.02127659574468085
7,14,0.02127659574468085
7,1,0.06382978723404255
7,19,0.02127659574468085
38,2,0.19148936170212766
38,12,0.2127659574468085
38,7,0.0851063829787234
38,17,0.06382978723404255
38,6,0.0851063829787234
38,10,0.0425531914893617
38,14,0.10638297872340426
38,11,0.02127659574468085
38,4,0.0851063829787234
38,1,0.02127659574468085
38,9,0.06382978723404255
38,13,0.02127659574468085
68,12,0.22388059701492538
68,17,0.06716417910447761
68,8,0.029850746268656716
68,6,0.09701492537313433
68,4,0.08955223880597014
68,3,0.05223880597014925
68,7,0.05970149253731343
68,2,0.06716417910447761
68,10,0.029850746268656716
68,1,0.07462686567164178
68,13,0.05223880597014925
68,5,0.029850746268656716
68,15,0.03731343283582089
68,9,0.022388059701492536
68,14,0.03731343283582089
68,0,0.014925373134328358
68,11,0.007462686567164179
68,18,0.007462686567164179
148,7,0.4293193717277487
148,2,0.33507853403141363
148,12,0.13612565445026178
148,4,0.010471204188481676
148,0,0.005235602094240838
148,10,0.010471204188481676
148,18,0.005235602094240838
148,14,0.031413612565445025
148,16,0.005235602094240838
148,17,0.010471204188481676
148,6,0.005235602094240838
148,1,0.005235602094240838
148,8,0.010471204188481676
92,4,0.09163346613545817
92,12,0.14741035856573706
92,14,0.2868525896414343
92,13,0.0796812749003984
92,2,0.1394422310756972
92,7,0.01195219123505976
92,1,0.0796812749003984
92,8,0.07171314741035857
92,0,0.035856573705179286
92,6,0.01195219123505976
92,17,0.035856573705179286
92,5,0.00398406374501992
92,9,0.00398406374501992
153,9,0.1038961038961039
153,1,0.11688311688311688
153,12,0.18181818181818182
153,4,0.1038961038961039
153,17,0.06493506493506493
153,14,0.03896103896103896
153,7,0.05194805194805195
153,0,0.07792207792207792
153,3,0.05194805194805195
153,10,0.025974025974025976
153,6,0.07792207792207792
153,18,0.025974025974025976
153,2,0.03896103896103896
153,5,0.025974025974025976
153,16,0.012987012987012988
105,4,0.0787037037037037
105,10,0.032407407407407406
105,12,0.2037037037037037
105,17,0.1574074074074074
105,14,0.06018518518518518
105,18,0.06944444444444445
105,5,0.037037037037037035
105,6,0.12037037037037036
105,3,0.0787037037037037
105,11,0.0787037037037037
105,1,0.009259259259259259
105,7,0.013888888888888888
105,2,0.013888888888888888
105,15,0.018518518518518517
105,8,0.027777777777777776
77,12,0.25
77,1,0.25
77,0,0.25
77,4,0.25
6,0,0.09917355371900827
6,7,0.08264462809917356
6,8,0.024793388429752067
6,12,0.12396694214876033
6,18,0.04132231404958678
6,2,0.15702479338842976
6,4,0.0743801652892562
6,17,0.09090909090909091
6,14,0.05785123966942149
6,6,0.03305785123966942
6,13,0.08264462809917356
6,5,0.01652892561983471
6,1,0.049586776859504134
6,9,0.024793388429752067
6,3,0.01652892561983471
6,10,0.01652892561983471
6,16,0.008264462809917356
9,0,0.43333333333333335
9,1,0.36666666666666664
9,17,0.06666666666666667
9,14,0.13333333333333333
98,12,0.1834319526627219
98,4,0.10059171597633136
98,3,0.005917159763313609
98,11,0.01775147928994083
98,14,0.1301775147928994
98,7,0.023668639053254437
98,2,0.09467455621301775
98,0,0.07100591715976332
98,6,0.05325443786982249
98,10,0.047337278106508875
98,13,0.05917159763313609
98,17,0.0650887573964497
98,1,0.05917159763313609
98,8,0.01775147928994083
98,9,0.01775147928994083
98,15,0.01775147928994083
98,18,0.023668639053254437
98,5,0.011834319526627219
3,9,0.018404907975460124
3,18,0.03885480572597137
3,6,0.044989775051124746
3,14,0.1492842535787321
3,7,0.026584867075664622
3,2,0.19631901840490798
3,4,0.08588957055214724
3,17,0.08384458077709611
3,1,0.10020449897750511
3,0,0.044989775051124746
3,13,0.05930470347648262
3,12,0.10429447852760736
3,10,0.00408997955010225
3,11,0.0081799591002045
3,16,0.010224948875255624
3,15,0.006134969325153374
3,8,0.014314928425357873
3,3,0.002044989775051125
3,5,0.002044989775051125
23,8,0.014388489208633094
23,2,0.2302158273381295
23,4,0.05755395683453238
23,12,0.12949640287769784
23,6,0.0539568345323741
23,10,0.02877697841726619
23,13,0.14388489208633093
23,14,0.08273381294964029
23,1,0.06474820143884892
23,17,0.0539568345323741
23,7,0.06115107913669065
23,0,0.014388489208633094
23,5,0.02877697841726619
23,3,0.007194244604316547
23,11,0.01079136690647482
23,16,0.0035971223021582736
23,19,0.0035971223021582736
23,15,0.0035971223021582736
23,18,0.007194244604316547
125,4,0.11510791366906475
125,12,0.2158273381294964
125,6,0.1223021582733813
125,7,0.07194244604316546
125,2,0.050359712230215826
125,9,0.03597122302158273
125,14,0.02877697841726619
125,10,0.014388489208633094
125,5,0.03597122302158273
125,1,0.07913669064748201
125,0,0.06474820143884892
125,8,0.02158273381294964
125,11,0.02158273381294964
125,18,0.014388489208633094
125,13,0.007194244604316547
125,15,0.02877697841726619
125,3,0.02158273381294964
125,16,0.02158273381294964
125,17,0.02877697841726619
50,17,0.06481481481481481
50,4,0.09259259259259259
50,12,0.07407407407407407
50,8,0.018518518518518517
50,9,0.12037037037037036
50,1,0.018518518518518517
50,5,0.05555555555555555
50,3,0.10185185185185185
50,11,0.08333333333333333
50,7,0.06481481481481481
50,2,0.046296296296296294
50,6,0.06481481481481481
50,10,0.10185185185185185
50,14,0.06481481481481481
50,18,0.009259259259259259
50,13,0.009259259259259259
50,0,0.009259259259259259
146,8,0.047058823529411764
146,7,0.03529411764705882
146,4,0.01764705882352941
146,12,0.5058823529411764
146,3,0.023529411764705882
146,11,0.011764705882352941
146,5,0.041176470588235294
146,10,0.03529411764705882
146,2,0.058823529411764705
146,6,0.08823529411764706
146,9,0.06470588235294118
146,17,0.029411764705882353
146,0,0.0058823529411764705
146,1,0.0058823529411764705
146,15,0.01764705882352941
146,18,0.0058823529411764705
146,14,0.0058823529411764705
54,6,0.08778625954198473
54,2,0.33969465648854963
54,12,0.12213740458015267
54,8,0.026717557251908396
54,10,0.011450381679389313
54,1,0.10305343511450382
54,4,0.05343511450381679
54,14,0.11450381679389313
54,17,0.011450381679389313
54,11,0.022900763358778626
54,18,0.003816793893129771
54,7,0.04580152671755725
54,5,0.007633587786259542
54,0,0.019083969465648856
54,15,0.007633587786259542
54,3,0.022900763358778626
109,2,0.196113074204947
109,5,0.16431095406360424
109,12,0.13074204946996468
109,0,0.015901060070671377
109,4,0.11837455830388692
109,8,0.012367491166077738
109,10,0.014134275618374558
109,17,0.10247349823321555
109,14,0.0636042402826855
109,6,0.04770318021201413
109,13,0.014134275618374558
109,7,0.024734982332155476
109,9,0.0017667844522968198
109,1,0.022968197879858657
109,15,0.007067137809187279
109,18,0.024734982332155476
109,11,0.014134275618374558
109,3,0.015901060070671377
109,19,0.0088339222614841
193,17,0.08247422680412371
193,12,0.17010309278350516
193,8,0.010309278350515464
193,18,0.06701030927835051
193,7,0.15463917525773196
193,2,0.02577319587628866
193,6,0.08247422680412371
193,4,0.09278350515463918
193,0,0.041237113402061855
193,1,0.030927835051546393
193,11,0.04639175257731959
193,13,0.030927835051546393
193,16,0.010309278350515464
193,3,0.041237113402061855
193,15,0.005154639175257732
193,9,0.020618556701030927
193,5,0.06701030927835051
193,10,0.010309278350515464
193,14,0.010309278350515464
144,4,0.09090909090909091
144,2,0.12727272727272726
144,14,0.05454545454545454
144,0,0.10909090909090909
144,10,0.2
144,9,0.05454545454545454
144,12,0.12727272727272726
144,6,0.10909090909090909
144,3,0.03636363636363636
144,11,0.03636363636363636
144,13,0.05454545454545454
15,2,0.18663303909205547
15,5,0.1853720050441362
15,9,0.008827238335435058
15,4,0.07692307692307693
15,12,0.12484237074401008
15,3,0.06683480453972257
15,11,0.09457755359394704
15,6,0.07313997477931904
15,10,0.1008827238335435
15,18,0.008827238335435058
15,0,0.011349306431273645
15,7,0.008827238335435058
15,17,0.015132408575031526
15,8,0.005044136191677175
15,13,0.006305170239596469
15,14,0.013871374527112233
15,1,0.008827238335435058
15,15,0.0012610340479192938
15,16,0.0025220680958385876
37,17,0.09090909090909091
37,9,0.17355371900826447
37,3,0.06611570247933884
37,10,0.04132231404958678
37,14,0.19008264462809918
37,13,0.01652892561983471
37,2,0.05785123966942149
37,0,0.008264462809917356
37,18,0.008264462809917356
37,5,0.024793388429752067
37,12,0.1487603305785124
37,4,0.0743801652892562
37,11,0.008264462809917356
37,6,0.049586776859504134
37,1,0.04132231404958678
168,4,0.1076923076923077
168,14,0.06153846153846154
168,12,0.2153846153846154
168,0,0.015384615384615385
168,17,0.07692307692307693
168,8,0.03076923076923077
168,18,0.03076923076923077
168,13,0.06153846153846154
168,2,0.06153846153846154
168,10,0.07692307692307693
168,11,0.07692307692307693
168,6,0.03076923076923077
168,3,0.03076923076923077
168,5,0.06153846153846154
168,7,0.03076923076923077
168,1,0.03076923076923077
85,4,0.032467532467532464
85,17,0.01948051948051948
85,12,0.15584415584415584
85,9,0.07142857142857142
85,6,0.025974025974025976
85,16,0.24675324675324675
85,7,0.06493506493506493
85,2,0.2012987012987013
85,3,0.006493506493506494
85,13,0.06493506493506493
85,0,0.08441558441558442
85,14,0.025974025974025976
67,8,0.04918032786885246
67,9,0.11475409836065574
67,12,0.2459016393442623
67,5,0.04918032786885246
67,7,0.06557377049180328
67,4,0.13114754098360656
67,6,0.08196721311475409
67,14,0.08196721311475409
67,1,0.09836065573770492
67,0,0.03278688524590164
67,17,0.01639344262295082
67,2,0.01639344262295082
67,10,0.01639344262295082
0,3,0.19540229885057472
0,12,0.3333333333333333
0,13,0.04597701149425287
0,1,0.034482758620689655
0,9,0.10344827586206896
0,6,0.06896551724137931
0,14,0.034482758620689655
0,4,0.011494252873563218
0,17,0.022988505747126436
0,0,0.06896551724137931
0,11,0.011494252873563218
0,15,0.022988505747126436
0,5,0.034482758620689655
0,8,0.011494252873563218
155,4,0.1242603550295858
155,7,0.04142011834319527
155,14,0.2603550295857988
155,9,0.08284023668639054
155,1,0.10059171597633136
155,12,0.05917159763313609
155,2,0.08284023668639054
155,0,0.05325443786982249
155,13,0.03550295857988166
155,17,0.11242603550295859
155,10,0.005917159763313609
155,6,0.029585798816568046
155,18,0.005917159763313609
155,15,0.005917159763313609
1,12,0.1386861313868613
1,8,0.010948905109489052
1,14,0.24817518248175183
1,7,0.010948905109489052
1,1,0.08394160583941605
1,4,0.12408759124087591
1,17,0.043795620437956206
1,0,0.072992700729927
1,6,0.06569343065693431
1,19,0.029197080291970802
1,9,0.058394160583941604
1,2,0.043795620437956206
1,13,0.010948905109489052
1,11,0.021897810218978103
1,3,0.010948905109489052
1,10,0.0072992700729927005
1,15,0.0072992700729927005
1,5,0.0036496350364963502
1,18,0.0036496350364963502
1,16,0.0036496350364963502
186,0,0.15920398009950248
186,6,0.10945273631840796
186,4,0.08955223880597014
186,15,0.03980099502487562
186,1,0.03980099502487562
186,12,0.12437810945273632
186,9,0.05970149253731343
186,16,0.11940298507462686
186,2,0.0945273631840796
186,14,0.04975124378109453
186,17,0.05472636815920398
186,8,0.014925373134328358
186,18,0.004975124378109453
186,7,0.014925373134328358
186,5,0.014925373134328358
186,19,0.004975124378109453
186,13,0.004975124378109453
45,3,0.38461538461538464
45,9,0.05982905982905983
45,12,0.23504273504273504
45,14,0.038461538461538464
45,4,0.05555555555555555
45,1,0.0811965811965812
45,0,0.03418803418803419
45,6,0.038461538461538464
45,13,0.021367521367521368
45,11,0.004273504273504274
45,17,0.008547008547008548
45,5,0.029914529914529916
45,10,0.008547008547008548
136,13,0.23225806451612904
136,2,0.20967741935483872
136,14,0.11612903225806452
136,1,0.016129032258064516
136,18,0.02258064516129032
136,7,0.10967741935483871
136,12,0.04838709677419355
136,17,0.03870967741935484
136,6,0.05161290322580645
136,11,0.035483870967741936
136,5,0.0032258064516129032
136,10,0.035483870967741936
136,4,0.06451612903225806
136,0,0.012903225806451613
136,9,0.0032258064516129032
184,17,0.031746031746031744
184,4,0.09523809523809523
184,12,0.19047619047619047
184,3,0.07936507936507936
184,11,0.09523809523809523
184,6,0.047619047619047616
184,14,0.07936507936507936
184,9,0.047619047619047616
184,10,0.06349206349206349
184,7,0.09523809523809523
184,2,0.06349206349206349
184,0,0.06349206349206349
184,1,0.031746031746031744
184,18,0.015873015873015872
72,0,0.17142857142857143
72,6,0.1523809523809524
72,4,0.14285714285714285
72,1,0.0380952380952381
72,12,0.1523809523809524
72,17,0.009523809523809525
72,15,0.05714285714285714
72,8,0.0380952380952381
72,2,0.0761904761904762
72,14,0.02857142857142857
72,5,0.01904761904761905
72,11,0.009523809523809525
72,9,0.02857142857142857
72,16,0.05714285714285714
72,3,0.01904761904761905
169,1,0.2
169,4,0.2
169,2,0.2
169,14,0.2
169,5,0.2
12,5,0.012626262626262626
12,12,0.15656565656565657
12,1,0.047979797979797977
12,4,0.11363636363636363
12,17,0.08333333333333333
12,9,0.06060606060606061
12,18,0.010101010101010102
12,14,0.09595959595959595
12,13,0.022727272727272728
12,2,0.15151515151515152
12,0,0.06060606060606061
12,6,0.07828282828282829
12,3,0.022727272727272728
12,11,0.005050505050505051
12,7,0.03282828282828283
12,10,0.017676767676767676
12,15,0.0025252525252525255
12,8,0.015151515151515152
12,16,0.010101010101010102
133,2,0.13157894736842105
133,16,0.10526315789473684
133,7,0.03684210526315789
133,12,0.2
133,4,0.05263157894736842
133,17,0.03684210526315789
133,9,0.05789473684210526
133,6,0.06315789473684211
133,0,0.06315789473684211
133,3,0.02631578947368421
133,14,0.07368421052631578
133,13,0.042105263157894736
133,18,0.015789473684210527
133,5,0.010526315789473684
133,15,0.015789473684210527
133,8,0.03684210526315789
133,10,0.010526315789473684
133,1,0.021052631578947368
30,4,0.06535947712418301
30,6,0.13725490196078433
30,15,0.0457516339869281
30,12,0.19607843137254902
30,9,0.0392156862745098
30,16,0.026143790849673203
30,2,0.08496732026143791
30,1,0.058823529411764705
30,17,0.05228758169934641
30,0,0.0392156862745098
30,8,0.032679738562091505
30,3,0.026143790849673203
30,14,0.06535947712418301
30,13,0.0392156862745098
30,7,0.058823529411764705
30,18,0.006535947712418301
30,10,0.013071895424836602
30,5,0.006535947712418301
30,11,0.006535947712418301
2,5,0.2159090909090909
2,0,0.11363636363636363
2,12,0.2159090909090909
2,4,0.11363636363636363
2,17,0.045454545454545456
2,7,0.03409090909090909
2,9,0.045454545454545456
2,3,0.045454545454545456
2,1,0.056818181818181816
2,18,0.011363636363636364
2,6,0.022727272727272728
2,10,0.03409090909090909
2,2,0.022727272727272728
2,8,0.011363636363636364
2,14,0.011363636363636364
127,12,0.13194444444444445
127,0,0.04513888888888889
127,4,0.09375
127,17,0.10416666666666667
127,8,0.017361111111111112
127,9,0.027777777777777776
127,6,0.06597222222222222
127,14,0.0625
127,15,0.006944444444444444
127,2,0.13541666666666666
127,1,0.034722222222222224
127,18,0.04513888888888889
127,7,0.08680555555555555
127,3,0.003472222222222222
127,13,0.06597222222222222
127,5,0.034722222222222224
127,10,0.027777777777777776
127,19,0.010416666666666666
42,4,0.11688311688311688
42,12,0.23376623376623376
42,8,0.1038961038961039
42,6,0.012987012987012988
42,7,0.025974025974025976
42,10,0.05194805194805195
42,17,0.025974025974025976
42,3,0.05194805194805195
42,13,0.012987012987012988
42,2,0.06493506493506493
42,14,0.07792207792207792
42,0,0.06493506493506493
42,9,0.07792207792207792
42,5,0.025974025974025976
42,1,0.03896103896103896
42,19,0.012987012987012988
62,4,0.10674157303370786
62,3,0.033707865168539325
62,8,0.07865168539325842
62,17,0.19101123595505617
62,2,0.03932584269662921
62,5,0.033707865168539325
62,12,0.10674157303370786
62,0,0.06741573033707865
62,9,0.03932584269662921
62,19,0.011235955056179775
62,1,0.028089887640449437
62,6,0.06179775280898876
62,14,0.06741573033707865
62,13,0.016853932584269662
62,15,0.06179775280898876
62,10,0.0056179775280898875
62,18,0.02247191011235955
62,7,0.028089887640449437
64,4,0.06338028169014084
64,9,0.09154929577464789
64,1,0.06338028169014084
64,12,0.15492957746478872
64,18,0.056338028169014086
64,14,0.09154929577464789
64,11,0.04929577464788732
64,0,0.04929577464788732
64,3,0.056338028169014086
64,6,0.07746478873239436
64,10,0.028169014084507043
64,7,0.04929577464788732
64,19,0.04929577464788732
64,17,0.056338028169014086
64,5,0.007042253521126761
64,8,0.04225352112676056
64,15,0.014084507042253521
130,6,0.07894736842105263
130,10,0.029239766081871343
130,13,0.24269005847953215
130,7,0.1695906432748538
130,2,0.2134502923976608
130,11,0.04093567251461988
130,4,0.023391812865497075
130,14,0.05847953216374269
130,12,0.04093567251461988
130,17,0.03508771929824561
130,18,0.043859649122807015
130,8,0.0029239766081871343
130,1,0.011695906432748537
130,0,0.005847953216374269
130,5,0.0029239766081871343
120,0,0.13978494623655913
120,12,0.21505376344086022
120,9,0.07526881720430108
120,4,0.11827956989247312
120,14,0.08602150537634409
120,17,0.06451612903225806
120,3,0.03225806451612903
120,16,0.021505376344086023
120,8,0.053763440860215055
120,1,0.03225806451612903
120,13,0.021505376344086023
120,2,0.010752688172043012
120,19,0.03225806451612903
120,6,0.053763440860215055
120,15,0.021505376344086023
120,7,0.021505376344086023
80,17,0.2857142857142857
80,0,0.14285714285714285
80,7,0.2857142857142857
80,12,0.2857142857142857
31,7,0.2857142857142857
31,2,0.2222222222222222
31,17,0.09523809523809523
31,5,0.031746031746031744
31,4,0.06349206349206349
31,6,0.06349206349206349
31,10,0.047619047619047616
31,13,0.031746031746031744
31,1,0.015873015873015872
31,0,0.015873015873015872
31,12,0.07936507936507936
31,14,0.031746031746031744
31,9,0.015873015873015872
49,6,0.04918032786885246
49,13,0.03278688524590164
49,2,0.09836065573770492
49,17,0.08196721311475409
49,18,0.09836065573770492
49,12,0.18032786885245902
49,4,0.06557377049180328
49,14,0.04918032786885246
49,0,0.03278688524590164
49,9,0.09016393442622951
49,19,0.01639344262295082
49,1,0.040983606557377046
49,5,0.040983606557377046
49,8,0.040983606557377046
49,7,0.040983606557377046
49,10,0.02459016393442623
49,16,0.01639344262295082
166,1,0.7272727272727273
166,4,0.2727272727272727
176,4,0.034482758620689655
176,0,0.07389162561576355
176,9,0.06403940886699508
176,12,0.16748768472906403
176,6,0.054187192118226604
176,16,0.09852216748768473
176,2,0.1477832512315271
176,5,0.04926108374384237
176,15,0.029556650246305417
176,17,0.03940886699507389
176,14,0.03940886699507389
176,1,0.034482758620689655
176,13,0.019704433497536946
176,10,0.03940886699507389
176,3,0.034482758620689655
176,18,0.014778325123152709
176,8,0.019704433497536946
176,7,0.029556650246305417
176,11,0.009852216748768473
83,0,0.5714285714285714
83,4,0.42857142857142855
27,13,0.2857142857142857
27,3,0.5714285714285714
27,12,0.14285714285714285
89,4,0.08118081180811808
89,5,0.02952029520295203
89,6,0.11439114391143912
89,14,0.07749077490774908
89,2,0.06273062730627306
89,12,0.1881918819188192
89,13,0.02952029520295203
89,9,0.07380073800738007
89,3,0.05904059040590406
89,7,0.025830258302583026
89,1,0.07011070110701106
89,0,0.05904059040590406
89,17,0.05166051660516605
89,8,0.025830258302583026
89,15,0.014760147601476014
89,10,0.007380073800738007
89,16,0.01845018450184502
89,18,0.007380073800738007
89,11,0.0036900369003690036
187,7,0.0784313725490196
187,12,0.3137254901960784
187,18,0.11764705882352941
187,1,0.0196078431372549
187,3,0.058823529411764705
187,5,0.058823529411764705
187,4,0.13725490196078433
187,9,0.0196078431372549
187,6,0.0196078431372549
187,0,0.0784313725490196
187,17,0.0196078431372549
187,8,0.0784313725490196
103,1,0.7368421052631579
103,0,0.12280701754385964
103,14,0.07017543859649122
103,17,0.07017543859649122
69,4,0.047619047619047616
69,6,0.09523809523809523
69,12,0.047619047619047616
69,10,0.15873015873015872
69,14,0.06349206349206349
69,9,0.047619047619047616
69,13,0.14285714285714285
69,11,0.1111111111111111
69,2,0.12698412698412698
69,1,0.031746031746031744
69,5,0.031746031746031744
69,8,0.031746031746031744
69,3,0.047619047619047616
69,0,0.015873015873015872
87,13,0.22849462365591397
87,2,0.22311827956989247
87,4,0.07258064516129033
87,14,0.03225806451612903
87,12,0.09946236559139784
87,6,0.06451612903225806
87,9,0.002688172043010753
87,0,0.043010752688172046
87,10,0.06989247311827956
87,7,0.021505376344086023
87,3,0.024193548387096774
87,11,0.043010752688172046
87,1,0.04032258064516129
87,8,0.005376344086021506
87,17,0.010752688172043012
87,5,0.010752688172043012
87,18,0.005376344086021506
87,16,0.002688172043010753
93,2,0.12
93,9,0.04
93,10,0.09714285714285714
93,4,0.06857142857142857
93,5,0.04
93,12,0.17142857142857143
93,1,0.017142857142857144
93,13,0.11428571428571428
93,17,0.011428571428571429
93,11,0.07428571428571429
93,6,0.08
93,14,0.05714285714285714
93,7,0.017142857142857144
93,3,0.05142857142857143
93,0,0.022857142857142857
93,18,0.011428571428571429
93,8,0.005714285714285714
56,4,0.14655172413793102
56,2,0.15517241379310345
56,14,0.15517241379310345
56,18,0.07758620689655173
56,12,0.16379310344827586
56,6,0.04310344827586207
56,7,0.04310344827586207
56,17,0.034482758620689655
56,5,0.02586206896551724
56,13,0.017241379310344827
56,3,0.008620689655172414
56,11,0.02586206896551724
56,0,0.04310344827586207
56,16,0.017241379310344827
56,9,0.017241379310344827
56,10,0.02586206896551724
102,3,1.0
47,12,0.2777777777777778
47,8,0.1111111111111111
47,9,0.1111111111111111
47,13,0.05555555555555555
47,3,0.2222222222222222
47,4,0.1111111111111111
47,1,0.05555555555555555
47,5,0.05555555555555555
199,7,0.06593406593406594
199,9,0.16483516483516483
199,10,0.03296703296703297
199,12,0.2857142857142857
199,4,0.0989010989010989
199,8,0.03296703296703297
199,17,0.054945054945054944
199,18,0.01098901098901099
199,6,0.07692307692307693
199,1,0.03296703296703297
199,0,0.04395604395604396
199,15,0.01098901098901099
199,11,0.01098901098901099
199,3,0.054945054945054944
199,14,0.01098901098901099
199,16,0.01098901098901099
52,4,0.05166051660516605
52,0,0.03690036900369004
52,17,0.04428044280442804
52,12,0.33948339483394835
52,3,0.36900369003690037
52,6,0.04428044280442804
52,7,0.007380073800738007
52,10,0.03690036900369004
52,1,0.02952029520295203
52,16,0.0036900369003690036
52,14,0.01845018450184502
52,5,0.0036900369003690036
52,9,0.014760147601476014
141,5,0.08045977011494253
141,12,0.15517241379310345
141,8,0.040229885057471264
141,9,0.028735632183908046
141,2,0.14942528735632185
141,0,0.022988505747126436
141,6,0.09770114942528736
141,10,0.05747126436781609
141,7,0.034482758620689655
141,13,0.08620689655172414
141,11,0.04597701149425287
141,1,0.034482758620689655
141,17,0.034482758620689655
141,18,0.011494252873563218
141,3,0.034482758620689655
141,4,0.06896551724137931
141,14,0.017241379310344827
10,13,0.08734939759036145
10,2,0.20180722891566266
10,17,0.11746987951807229
10,18,0.045180722891566265
10,0,0.030120481927710843
10,7,0.12650602409638553
10,12,0.14156626506024098
10,5,0.05120481927710843
10,8,0.012048192771084338
10,6,0.0391566265060241
10,4,0.06626506024096386
10,1,0.03614457831325301
10,10,0.018072289156626505
10,14,0.012048192771084338
10,9,0.0030120481927710845
10,11,0.009036144578313253
10,3,0.0030120481927710845
163,8,0.3333333333333333
163,12,0.3333333333333333
163,17,0.3333333333333333
65,13,0.23037974683544304
65,2,0.23544303797468355
65,3,0.02278481012658228
65,11,0.027848101265822784
65,19,0.002531645569620253
65,18,0.007594936708860759
65,10,0.05822784810126582
65,1,0.04810126582278481
65,12,0.10632911392405063
65,14,0.053164556962025315
65,4,0.060759493670886074
65,5,0.017721518987341773
65,6,0.04556962025316456
65,0,0.0379746835443038
65,17,0.010126582278481013
65,7,0.020253164556962026
65,8,0.007594936708860759
65,9,0.007594936708860759
194,4,0.12416851441241686
194,6,0.0598669623059867
194,3,0.06430155210643015
194,7,0.05543237250554324
194,17,0.037694013303769404
194,12,0.164079822616408
194,11,0.08869179600886919
194,14,0.07538802660753881
194,13,0.008869179600886918
194,2,0.031042128603104215
194,10,0.06651884700665188
194,18,0.015521064301552107
194,8,0.03325942350332594
194,1,0.04878048780487805
194,0,0.03991130820399113
194,9,0.07538802660753881
194,15,0.004434589800443459
194,5,0.0066518847006651885
53,9,0.1286549707602339
53,16,0.14912280701754385
53,14,0.14619883040935672
53,12,0.13157894736842105
53,7,0.05263157894736842
53,2,0.09064327485380116
53,0,0.11695906432748537
53,4,0.05555555555555555
53,17,0.029239766081871343
53,15,0.06432748538011696
53,1,0.023391812865497075
53,13,0.008771929824561403
53,6,0.0029239766081871343
142,5,0.14893617021276595
142,13,0.02127659574468085
142,2,0.0425531914893617
142,0,0.02127659574468085
142,12,0.425531914893617
142,6,0.06382978723404255
142,9,0.23404255319148937
142,4,0.02127659574468085
142,14,0.02127659574468085
162,9,0.0967741935483871
162,12,0.3548387096774194
162,3,0.3548387096774194
162,13,0.1935483870967742
119,0,0.2
119,1,0.06666666666666667
119,12,0.26666666666666666
119,8,0.06666666666666667
119,9,0.06666666666666667
119,6,0.06666666666666667
119,7,0.06666666666666667
119,4,0.06666666666666667
119,17,0.06666666666666667
119,3,0.06666666666666667
46,3,0.03333333333333333
46,5,0.06666666666666667
46,6,0.1
46,10,0.03333333333333333
46,2,0.13333333333333333
46,17,0.13333333333333333
46,18,0.03333333333333333
46,8,0.16666666666666666
46,4,0.06666666666666667
46,12,0.1
46,14,0.03333333333333333
46,13,0.03333333333333333
46,16,0.03333333333333333
46,1,0.03333333333333333
91,0,0.32142857142857145
91,12,0.25595238095238093
91,1,0.10119047619047619
91,4,0.1488095238095238
91,17,0.023809523809523808
91,9,0.017857142857142856
91,15,0.011904761904761904
91,3,0.041666666666666664
91,6,0.05952380952380952
91,14,0.011904761904761904
91,10,0.005952380952380952
196,13,0.06015037593984962
196,2,0.09022556390977443
196,1,0.05263157894736842
196,14,0.14285714285714285
196,0,0.06766917293233082
196,6,0.07518796992481203
196,12,0.15037593984962405
196,10,0.03759398496240601
196,7,0.03759398496240601
196,8,0.03759398496240601
196,17,0.06015037593984962
196,4,0.07518796992481203
196,11,0.03007518796992481
196,3,0.045112781954887216
196,18,0.007518796992481203
196,9,0.007518796992481203
196,15,0.015037593984962405
196,5,0.007518796992481203
149,0,0.07729468599033816
149,14,0.2463768115942029
149,1,0.043478260869565216
149,12,0.13043478260869565
149,13,0.11594202898550725
149,2,0.1497584541062802
149,6,0.033816425120772944
149,4,0.08695652173913043
149,15,0.004830917874396135
149,8,0.014492753623188406
149,16,0.004830917874396135
149,3,0.004830917874396135
149,11,0.004830917874396135
149,7,0.01932367149758454
149,18,0.00966183574879227
149,17,0.03864734299516908
149,9,0.004830917874396135
149,5,0.00966183574879227
20,8,0.043478260869565216
20,7,0.028985507246376812
20,4,0.08695652173913043
20,12,0.30434782608695654
20,9,0.08695652173913043
20,11,0.014492753623188406
20,18,0.028985507246376812
20,6,0.043478260869565216
20,15,0.028985507246376812
20,0,0.014492753623188406
20,5,0.07246376811594203
20,17,0.043478260869565216
20,1,0.043478260869565216
20,3,0.11594202898550725
20,2,0.014492753623188406
20,14,0.028985507246376812
81,3,0.33540372670807456
81,12,0.32919254658385094
81,13,0.006211180124223602
81,2,0.006211180124223602
81,6,0.10559006211180125
81,17,0.037267080745341616
81,10,0.024844720496894408
81,1,0.024844720496894408
81,4,0.031055900621118012
81,0,0.037267080745341616
81,7,0.024844720496894408
81,9,0.012422360248447204
81,5,0.006211180124223602
81,14,0.012422360248447204
81,16,0.006211180124223602
48,12,0.38620689655172413
48,3,0.2
48,7,0.006896551724137931
48,6,0.11724137931034483
48,8,0.006896551724137931
48,2,0.041379310344827586
48,9,0.05517241379310345
48,13,0.020689655172413793
48,0,0.041379310344827586
48,5,0.006896551724137931
48,4,0.020689655172413793
48,17,0.04827586206896552
48,15,0.027586206896551724
48,1,0.013793103448275862
48,14,0.006896551724137931
73,7,0.1523809523809524
73,2,0.2
73,6,0.05714285714285714
73,11,0.02857142857142857
73,5,0.06666666666666667
73,8,0.0380952380952381
73,12,0.17142857142857143
73,13,0.05714285714285714
73,10,0.047619047619047616
73,14,0.009523809523809525
73,17,0.09523809523809523
73,18,0.01904761904761905
73,4,0.0380952380952381
73,3,0.009523809523809525
73,0,0.009523809523809525
88,6,0.10245901639344263
88,1,0.03278688524590164
88,12,0.1885245901639344
88,0,0.0860655737704918
88,17,0.03278688524590164
88,8,0.11475409836065574
88,18,0.045081967213114756
88,10,0.05327868852459016
88,15,0.028688524590163935
88,7,0.06557377049180328
88,2,0.028688524590163935
88,9,0.028688524590163935
88,3,0.02459016393442623
88,11,0.02459016393442623
88,4,0.13524590163934427
88,13,0.004098360655737705
88,5,0.004098360655737705
175,16,0.18556701030927836
175,12,0.1718213058419244
175,0,0.13745704467353953
175,17,0.027491408934707903
175,9,0.08934707903780069
175,15,0.044673539518900345
175,2,0.12371134020618557
175,13,0.003436426116838488
175,8,0.010309278350515464
175,1,0.013745704467353952
175,7,0.027491408934707903
175,14,0.06529209621993128
175,6,0.05154639175257732
175,4,0.030927835051546393
175,5,0.003436426116838488
175,3,0.013745704467353952
40,2,0.15942028985507245
40,16,0.24154589371980675
40,14,0.0966183574879227
40,12,0.18840579710144928
40,17,0.014492753623188406
40,0,0.14009661835748793
40,13,0.04830917874396135
40,9,0.03864734299516908
40,4,0.00966183574879227
40,1,0.01932367149758454
40,6,0.01932367149758454
40,7,0.01932367149758454
40,5,0.004830917874396135
66,5,0.21052631578947367
66,18,0.06015037593984962
66,1,0.05263157894736842
66,17,0.08270676691729323
66,8,0.12781954887218044
66,0,0.015037593984962405
66,12,0.15037593984962405
66,4,0.10526315789473684
66,10,0.022556390977443608
66,14,0.05263157894736842
66,6,0.015037593984962405
66,2,0.015037593984962405
66,13,0.015037593984962405
66,3,0.015037593984962405
66,11,0.015037593984962405
66,19,0.015037593984962405
66,7,0.015037593984962405
66,9,0.015037593984962405
139,10,0.045548654244306416
139,11,0.026915113871635612
139,4,0.11387163561076605
139,12,0.13871635610766045
139,9,0.035196687370600416
139,2,0.08902691511387163
139,5,0.012422360248447204
139,14,0.15942028985507245
139,17,0.09523809523809523
139,8,0.012422360248447204
139,1,0.07453416149068323
139,3,0.018633540372670808
139,6,0.043478260869565216
139,7,0.035196687370600416
139,0,0.039337474120082816
139,18,0.039337474120082816
139,13,0.018633540372670808
139,15,0.002070393374741201
26,17,0.20930232558139536
26,6,0.023255813953488372
26,14,0.10697674418604651
26,1,0.03255813953488372
26,2,0.10232558139534884
26,8,0.013953488372093023
26,15,0.018604651162790697
26,7,0.03255813953488372
26,4,0.13488372093023257
26,5,0.09302325581395349
26,12,0.11162790697674418
26,0,0.027906976744186046
26,13,0.018604651162790697
26,9,0.027906976744186046
26,10,0.009302325581395349
26,18,0.027906976744186046
26,3,0.004651162790697674
26,11,0.004651162790697674
170,4,0.10452961672473868
170,12,0.2613240418118467
170,8,0.03484320557491289
170,6,0.04878048780487805
170,7,0.09407665505226481
170,9,0.03484320557491289
170,10,0.0627177700348432
170,14,0.04529616724738676
170,1,0.1289198606271777
170,0,0.05574912891986063
170,17,0.059233449477351915
170,11,0.024390243902439025
170,2,0.017421602787456445
170,3,0.020905923344947737
170,18,0.003484320557491289
170,13,0.003484320557491289
99,14,0.15471698113207547
99,12,0.1811320754716981
99,1,0.052830188679245285
99,3,0.018867924528301886
99,11,0.03018867924528302
99,4,0.12452830188679245
99,17,0.06037735849056604
99,13,0.022641509433962263
99,2,0.10566037735849057
99,0,0.026415094339622643
99,8,0.018867924528301886
99,6,0.03773584905660377
99,9,0.03018867924528302
99,5,0.045283018867924525
99,18,0.022641509433962263
99,19,0.007547169811320755
99,10,0.018867924528301886
99,7,0.04150943396226415
36,4,0.05154639175257732
36,2,0.1134020618556701
36,16,0.15463917525773196
36,12,0.13402061855670103
36,0,0.08247422680412371
36,14,0.09278350515463918
36,7,0.05154639175257732
36,13,0.041237113402061855
36,9,0.09278350515463918
36,1,0.020618556701030927
36,15,0.010309278350515464
36,3,0.07216494845360824
36,17,0.041237113402061855
36,6,0.020618556701030927
36,5,0.010309278350515464
36,10,0.010309278350515464
33,15,0.11206896551724138
33,12,0.4224137931034483
33,19,0.008620689655172414
33,6,0.06896551724137931
33,4,0.09482758620689655
33,17,0.06896551724137931
33,1,0.02586206896551724
33,10,0.034482758620689655
33,0,0.0603448275862069
33,8,0.017241379310344827
33,9,0.034482758620689655
33,11,0.008620689655172414
33,14,0.017241379310344827
33,18,0.017241379310344827
33,7,0.008620689655172414
116,4,0.08695652173913043
116,17,0.17391304347826086
116,12,0.21739130434782608
116,5,0.13043478260869565
116,14,0.13043478260869565
116,2,0.08695652173913043
116,1,0.043478260869565216
116,3,0.043478260869565216
116,6,0.043478260869565216
116,8,0.043478260869565216
123,0,0.07518796992481203
123,13,0.05263157894736842
123,2,0.09022556390977443
123,16,0.06766917293233082
123,12,0.20300751879699247
123,17,0.05263157894736842
123,15,0.022556390977443608
123,10,0.022556390977443608
123,14,0.06015037593984962
123,6,0.05263157894736842
123,3,0.06015037593984962
123,8,0.05263157894736842
123,7,0.05263157894736842
123,4,0.045112781954887216
123,9,0.03007518796992481
123,5,0.015037593984962405
123,1,0.03759398496240601
123,18,0.007518796992481203
108,6,0.46153846153846156
108,15,0.46153846153846156
108,17,0.038461538461538464
108,12,0.038461538461538464
